school,sex,age,address,famsize,Pstatus,Medu,Fedu,Mjob,Fjob,reason,guardian,traveltime,studytime,failures,schoolsup,famsup,paid,activities,nursery,higher,internet,romantic,famrel,freetime,goout,Dalc,Walc,health,absences,passed
GP,F,18,U,GT3,A,4,4,at_home,teacher,course,mother,2,2,0,true,false,false,false,true,true,false,false,4,3,4,1,1,3,6,false
GP,F,17,U,GT3,T,1,1,at_home,other,course,father,1,2,0,false,true,false,false,false,true,true,false,5,3,3,1,1,3,4,false
GP,F,15,U,LE3,T,1,1,at_home,other,other,mother,1,2,3,true,false,true,false,true,true,true,false,4,3,2,2,3,3,10,true
GP,F,15,U,GT3,T,4,2,health,services,home,mother,1,3,0,false,true,true,true,true,true,true,true,3,2,2,1,1,5,2,true
GP,F,16,U,GT3,T,3,3,other,other,home,father,1,2,0,false,true,true,false,true,true,false,false,4,3,2,1,2,5,4,true
GP,M,16,U,LE3,T,4,3,services,other,reputation,mother,1,2,0,false,true,true,true,true,true,true,false,5,4,2,1,2,5,10,true
GP,M,16,U,LE3,T,2,2,other,other,home,mother,1,2,0,false,false,false,false,true,true,true,false,4,4,4,1,1,3,0,true
GP,F,17,U,GT3,A,4,4,other,teacher,home,mother,2,2,0,true,true,false,false,true,true,false,false,4,1,4,1,1,1,6,false
GP,M,15,U,LE3,A,3,2,services,other,home,mother,1,2,0,false,true,true,false,true,true,true,false,4,2,2,1,1,1,0,true
GP,M,15,U,GT3,T,3,4,other,other,home,mother,1,2,0,false,true,true,true,true,true,true,false,5,5,1,1,1,5,0,true
GP,F,15,U,GT3,T,4,4,teacher,health,reputation,mother,1,2,0,false,true,true,false,true,true,true,false,3,3,3,1,2,2,0,false
GP,F,15,U,GT3,T,2,1,services,other,reputation,father,3,3,0,false,true,false,true,true,true,true,false,5,2,2,1,1,4,4,true
GP,M,15,U,LE3,T,4,4,health,services,course,father,1,1,0,false,true,true,true,true,true,true,false,4,3,3,1,3,5,2,true
GP,M,15,U,GT3,T,4,3,teacher,other,course,mother,2,2,0,false,true,true,false,true,true,true,false,5,4,3,1,2,3,2,true
GP,M,15,U,GT3,A,2,2,other,other,home,other,1,3,0,false,true,false,false,true,true,true,true,4,5,2,1,1,3,0,true
GP,F,16,U,GT3,T,4,4,health,other,home,mother,1,1,0,false,true,false,false,true,true,true,false,4,4,4,1,2,2,4,true
GP,F,16,U,GT3,T,4,4,services,services,reputation,mother,1,3,0,false,true,true,true,true,true,true,false,3,2,3,1,2,2,6,true
GP,F,16,U,GT3,T,3,3,other,other,reputation,mother,3,2,0,true,true,false,true,true,true,false,false,5,3,2,1,1,4,4,true
GP,M,17,U,GT3,T,3,2,services,services,course,mother,1,1,3,false,true,false,true,true,true,true,false,5,5,5,2,4,5,16,false
GP,M,16,U,LE3,T,4,3,health,other,home,father,1,1,0,false,false,true,true,true,true,true,false,3,1,3,1,3,5,4,true
GP,M,15,U,GT3,T,4,3,teacher,other,reputation,mother,1,2,0,false,false,false,false,true,true,true,false,4,4,1,1,1,1,0,true
GP,M,15,U,GT3,T,4,4,health,health,other,father,1,1,0,false,true,true,false,true,true,true,false,5,4,2,1,1,5,0,true
GP,M,16,U,LE3,T,4,2,teacher,other,course,mother,1,2,0,false,false,false,true,true,true,true,false,4,5,1,1,3,5,2,true
GP,M,16,U,LE3,T,2,2,other,other,reputation,mother,2,2,0,false,true,false,true,true,true,true,false,5,4,4,2,4,5,0,true
GP,F,15,R,GT3,T,2,4,services,health,course,mother,1,3,0,true,true,true,true,true,true,true,false,4,3,2,1,1,5,2,false
GP,F,16,U,GT3,T,2,2,services,services,home,mother,1,1,2,false,true,true,false,false,true,true,false,1,2,2,1,3,5,14,false
GP,M,15,U,GT3,T,2,2,other,other,home,mother,1,1,0,false,true,true,false,true,true,true,false,4,2,2,1,2,5,2,true
GP,M,15,U,GT3,T,4,2,health,services,other,mother,1,1,0,false,false,true,false,true,true,true,false,2,2,4,2,4,1,4,true
GP,M,16,U,LE3,A,3,4,services,other,home,mother,1,2,0,true,true,false,true,true,true,true,false,5,3,3,1,1,5,4,true
GP,M,16,U,GT3,T,4,4,teacher,teacher,home,mother,1,2,0,false,true,true,true,true,true,true,true,4,4,5,5,5,5,16,true
GP,M,15,U,GT3,T,4,4,health,services,home,mother,1,2,0,false,true,true,false,false,true,true,false,5,4,2,3,4,5,0,true
GP,M,15,U,GT3,T,4,4,services,services,reputation,mother,2,2,0,false,true,false,true,true,true,true,false,4,3,1,1,1,5,0,true
GP,M,15,R,GT3,T,4,3,teacher,at_home,course,mother,1,2,0,false,true,false,true,true,true,true,true,4,5,2,1,1,5,0,true
GP,M,15,U,LE3,T,3,3,other,other,course,mother,1,2,0,false,false,false,true,false,true,true,false,5,3,2,1,1,2,0,true
GP,M,16,U,GT3,T,3,2,other,other,home,mother,1,1,0,false,true,true,false,false,true,true,false,5,4,3,1,1,5,0,true
GP,F,15,U,GT3,T,2,3,other,other,other,father,2,1,0,false,true,false,true,true,true,false,false,3,5,1,1,1,5,0,false
GP,M,15,U,LE3,T,4,3,teacher,services,home,mother,1,3,0,false,true,false,true,true,true,true,false,5,4,3,1,1,4,2,true
GP,M,16,R,GT3,A,4,4,other,teacher,reputation,mother,2,3,0,false,true,false,true,true,true,true,true,2,4,3,1,1,5,7,true
GP,F,15,R,GT3,T,3,4,services,health,course,mother,1,3,0,true,true,true,true,true,true,true,false,4,3,2,1,1,5,2,true
GP,F,15,R,GT3,T,2,2,at_home,other,reputation,mother,1,1,0,true,true,true,true,true,true,false,false,4,3,1,1,1,2,8,true
GP,F,16,U,LE3,T,2,2,other,other,home,mother,2,2,1,false,true,false,true,false,true,true,true,3,3,3,1,2,3,25,true
GP,M,15,U,LE3,T,4,4,teacher,other,home,other,1,1,0,false,true,false,false,false,true,true,true,5,4,3,2,4,5,8,true
GP,M,15,U,GT3,T,4,4,services,teacher,course,father,1,2,0,false,true,false,true,true,true,true,false,4,3,3,1,1,5,2,true
GP,M,15,U,GT3,T,2,2,services,services,course,father,1,1,0,true,true,false,false,true,true,true,false,5,4,1,1,1,1,0,true
GP,F,16,U,LE3,T,2,2,other,at_home,course,father,2,2,1,true,false,false,true,true,true,true,false,4,3,3,2,2,5,14,false
GP,F,15,U,LE3,A,4,3,other,other,course,mother,1,2,0,true,true,true,true,true,true,true,true,5,2,2,1,1,5,8,false
GP,F,16,U,LE3,A,3,3,other,services,home,mother,1,2,0,false,true,false,false,true,true,true,false,2,3,5,1,4,3,12,true
GP,M,16,U,GT3,T,4,3,health,services,reputation,mother,1,4,0,false,false,false,true,true,true,true,false,4,2,2,1,1,2,4,true
GP,M,15,U,GT3,T,4,2,teacher,other,home,mother,1,2,0,false,true,true,false,true,true,false,false,4,3,3,2,2,5,2,true
GP,F,15,U,GT3,T,4,4,services,teacher,other,father,1,2,1,true,true,false,true,false,true,true,false,4,4,4,1,1,3,2,false
GP,F,16,U,LE3,T,2,2,services,services,course,mother,3,2,0,false,true,true,false,true,true,true,false,4,3,3,2,3,4,2,true
GP,F,15,U,LE3,T,4,2,health,other,other,mother,1,2,0,false,true,true,false,true,true,true,false,4,3,3,1,1,5,2,true
GP,M,15,U,LE3,A,4,2,health,health,other,father,2,1,1,false,false,false,false,true,true,false,false,5,5,5,3,4,5,6,true
GP,F,15,U,GT3,T,4,4,services,services,course,mother,1,1,0,true,true,true,false,true,true,true,false,3,3,4,2,3,5,0,true
GP,F,15,U,LE3,A,3,3,other,other,other,mother,1,1,0,false,false,true,false,true,true,true,false,5,3,4,4,4,1,6,true
GP,F,16,U,GT3,A,2,1,other,other,other,mother,1,2,0,false,false,true,true,true,true,true,true,5,3,4,1,1,2,8,true
GP,F,15,U,GT3,A,4,3,services,services,reputation,mother,1,2,0,false,true,true,true,true,true,true,false,4,3,2,1,1,1,0,true
GP,M,15,U,GT3,T,4,4,teacher,health,reputation,mother,1,2,0,false,true,false,true,true,true,false,false,3,2,2,1,1,5,4,true
GP,M,15,U,LE3,T,1,2,other,at_home,home,father,1,2,0,true,true,false,true,true,true,true,false,4,3,2,1,1,5,2,false
GP,F,16,U,GT3,T,4,2,services,other,course,mother,1,2,0,false,true,false,false,true,true,true,false,4,2,3,1,1,5,2,true
GP,F,16,R,GT3,T,4,4,health,teacher,other,mother,1,2,0,false,true,false,true,true,true,false,false,2,4,4,2,3,4,6,true
GP,F,16,U,GT3,T,1,1,services,services,course,father,4,1,0,true,true,false,true,false,true,true,true,5,5,5,5,5,5,6,true
GP,F,16,U,LE3,T,1,2,other,services,reputation,father,1,2,0,true,false,false,true,true,true,true,false,4,4,3,1,1,1,4,false
GP,F,16,U,GT3,T,4,3,teacher,health,home,mother,1,3,0,true,true,true,true,true,true,true,false,3,4,4,2,4,4,2,false
GP,F,15,U,LE3,T,4,3,services,services,reputation,father,1,2,0,true,false,false,true,true,true,true,true,4,4,4,2,4,2,0,true
GP,F,16,U,LE3,T,4,3,teacher,services,course,mother,3,2,0,false,true,false,true,true,true,true,false,5,4,3,1,2,1,2,true
GP,M,15,U,GT3,A,4,4,other,services,reputation,mother,1,4,0,false,true,false,true,false,true,true,true,1,3,3,5,5,3,4,true
GP,F,16,U,GT3,T,3,1,services,other,course,mother,1,4,0,true,true,true,false,true,true,true,false,4,3,3,1,2,5,4,false
GP,F,15,R,LE3,T,2,2,health,services,reputation,mother,2,2,0,true,true,true,false,true,true,true,false,4,1,3,1,3,4,2,false
GP,F,15,R,LE3,T,3,1,other,other,reputation,father,2,4,0,false,true,false,false,false,true,true,false,4,4,2,2,3,3,12,true
GP,M,16,U,GT3,T,3,1,other,other,reputation,father,2,4,0,false,true,true,false,true,true,true,false,4,3,2,1,1,5,0,true
GP,M,15,U,GT3,T,4,2,other,other,course,mother,1,4,0,false,false,false,false,true,true,true,false,3,3,3,1,1,3,0,true
GP,F,15,R,GT3,T,1,1,other,other,reputation,mother,1,2,2,true,true,false,false,false,true,true,true,3,3,4,2,4,5,2,false
GP,M,16,U,GT3,T,3,1,other,other,reputation,mother,1,1,0,false,false,false,true,true,true,false,false,5,3,2,2,2,5,2,true
GP,F,16,U,GT3,T,3,3,other,services,home,mother,1,2,0,true,true,true,true,true,true,true,false,4,3,3,2,4,5,54,true
GP,M,15,U,GT3,T,4,3,teacher,other,home,mother,1,2,0,false,true,true,true,true,true,true,false,4,3,3,2,3,5,6,true
GP,M,15,U,GT3,T,4,0,teacher,other,course,mother,2,4,0,false,false,false,true,true,true,true,false,3,4,3,1,1,1,8,true
GP,F,16,U,GT3,T,2,2,other,other,reputation,mother,1,4,0,false,false,true,false,true,true,true,true,5,2,3,1,3,3,0,true
GP,M,17,U,GT3,T,2,1,other,other,home,mother,2,1,3,true,true,false,true,true,false,true,false,4,5,1,1,1,3,2,true
GP,F,16,U,GT3,T,3,4,at_home,other,course,mother,1,2,0,false,true,false,false,true,true,true,false,2,4,3,1,2,3,12,false
GP,M,15,U,GT3,T,2,3,other,services,course,father,1,1,0,true,true,true,true,false,true,true,true,3,2,2,1,3,3,2,true
GP,M,15,U,GT3,T,2,3,other,other,home,mother,1,3,0,true,false,true,false,false,true,true,false,5,3,2,1,2,5,4,true
GP,F,15,U,LE3,T,3,2,services,other,reputation,mother,1,2,0,false,true,true,false,true,true,true,false,4,4,4,1,1,5,10,false
GP,M,15,U,LE3,T,2,2,services,services,home,mother,2,2,0,false,false,true,true,true,true,true,false,5,3,3,1,3,4,4,true
GP,F,15,U,GT3,T,1,1,other,other,home,father,1,2,0,false,true,false,true,false,true,true,false,4,3,2,2,3,4,2,true
GP,F,15,U,GT3,T,4,4,services,services,reputation,father,2,2,2,false,false,true,false,true,true,true,true,4,4,4,2,3,5,6,false
GP,F,16,U,LE3,T,2,2,at_home,other,course,mother,1,2,0,false,true,false,false,true,true,false,false,4,3,4,1,2,2,4,false
GP,F,15,U,GT3,T,4,2,other,other,reputation,mother,1,3,0,false,true,false,true,true,true,true,false,5,3,3,1,3,1,4,true
GP,M,16,U,GT3,T,2,2,services,other,reputation,father,2,2,1,false,false,true,true,false,true,true,false,4,4,2,1,1,3,12,true
GP,M,16,U,LE3,A,4,4,teacher,health,reputation,mother,1,2,0,false,true,false,false,true,true,false,false,4,1,3,3,5,5,18,false
GP,F,16,U,GT3,T,3,3,other,other,home,mother,1,3,0,false,true,true,false,true,true,true,true,4,3,3,1,3,4,0,false
GP,F,15,U,GT3,T,4,3,services,other,reputation,mother,1,1,0,false,false,true,true,true,true,true,false,4,5,5,1,3,1,4,true
GP,F,16,U,LE3,T,3,1,other,other,home,father,1,2,0,true,true,false,false,true,true,false,false,3,3,3,2,3,2,4,false
GP,F,16,U,GT3,T,4,2,teacher,services,home,mother,2,2,0,false,true,true,true,true,true,true,false,5,3,3,1,1,1,0,true
GP,M,15,U,LE3,T,2,2,services,health,reputation,mother,1,4,0,false,true,false,true,true,true,true,false,4,3,4,1,1,4,6,true
GP,F,15,R,GT3,T,1,1,at_home,other,home,mother,2,4,1,true,true,true,true,true,true,true,false,3,1,2,1,1,1,2,true
GP,M,16,R,GT3,T,4,3,services,other,reputation,mother,2,1,0,true,true,false,true,false,true,true,false,3,3,3,1,1,4,2,true
GP,F,16,U,GT3,T,2,1,other,other,course,mother,1,2,0,false,true,true,false,true,true,false,true,4,3,5,1,1,5,2,true
GP,F,16,U,GT3,T,4,4,other,other,reputation,mother,1,1,0,false,false,false,true,false,true,true,false,5,3,4,1,2,1,6,true
GP,F,16,U,GT3,T,4,3,other,at_home,course,mother,1,3,0,true,true,true,false,true,true,true,false,5,3,5,1,1,3,0,false
GP,M,16,U,GT3,T,4,4,services,services,other,mother,1,1,0,true,true,true,true,true,true,true,false,4,5,5,5,5,4,14,false
GP,M,16,U,GT3,T,4,4,services,teacher,other,father,1,3,0,false,true,false,true,true,true,true,true,4,4,3,1,1,4,0,true
GP,M,15,U,GT3,T,4,4,services,other,course,mother,1,1,0,false,true,false,true,false,true,true,false,5,3,3,1,1,5,4,true
GP,F,15,U,GT3,T,3,2,services,other,home,mother,2,2,0,true,true,true,false,true,true,true,false,4,3,5,1,1,2,26,false
GP,M,15,U,GT3,A,3,4,services,other,course,mother,1,2,0,false,true,true,true,true,true,true,false,5,4,4,1,1,1,0,true
GP,F,15,U,GT3,A,3,3,other,health,reputation,father,1,4,0,true,false,false,false,true,true,false,false,4,3,3,1,1,4,10,true
GP,F,15,U,GT3,T,2,2,other,other,course,mother,1,4,0,true,true,true,false,true,true,true,false,5,1,2,1,1,3,8,false
GP,M,16,U,GT3,T,3,3,services,other,home,father,1,3,0,false,true,false,true,true,true,true,false,5,3,3,1,1,5,2,true
GP,M,15,R,GT3,T,4,4,other,other,home,father,4,4,0,false,true,true,true,true,true,true,true,1,3,5,3,5,1,6,true
GP,F,16,U,LE3,T,4,4,health,health,other,mother,1,3,0,false,true,true,true,true,true,true,true,5,4,5,1,1,4,4,true
GP,M,15,U,LE3,A,4,4,teacher,teacher,course,mother,1,1,0,false,false,false,true,true,true,true,false,5,5,3,1,1,4,6,true
GP,F,16,R,GT3,T,3,3,services,other,reputation,father,1,3,1,true,true,false,true,true,true,true,false,4,1,2,1,1,2,0,true
GP,F,16,U,GT3,T,2,2,at_home,other,home,mother,1,2,1,true,false,false,true,true,true,true,false,3,1,2,1,1,5,6,true
GP,M,15,U,LE3,T,4,2,teacher,other,course,mother,1,1,0,false,false,false,false,true,true,true,false,3,5,2,1,1,3,10,true
GP,M,15,R,GT3,T,2,1,health,services,reputation,mother,1,2,0,false,false,false,true,true,true,true,true,5,4,2,1,1,5,8,false
GP,M,16,U,GT3,T,4,4,teacher,teacher,course,father,1,2,0,false,true,false,true,true,true,true,false,5,4,4,1,2,5,2,true
GP,M,15,U,GT3,T,4,4,other,teacher,reputation,father,2,2,0,false,true,false,true,true,true,false,false,4,4,3,1,1,2,2,true
GP,M,16,U,GT3,T,3,3,other,services,home,father,2,1,0,false,false,false,true,true,true,true,false,5,4,2,1,1,5,0,true
GP,M,17,R,GT3,T,1,3,other,other,course,father,3,2,1,false,true,false,true,true,true,true,false,5,2,4,1,4,5,20,false
GP,M,15,U,GT3,T,3,4,other,other,reputation,father,1,1,0,false,false,false,false,true,true,true,false,3,4,3,1,2,4,6,true
GP,F,15,U,GT3,T,1,2,at_home,services,course,mother,1,2,0,false,false,false,false,false,true,true,false,3,2,3,1,2,1,2,true
GP,M,15,U,GT3,T,2,2,services,services,home,father,1,4,0,false,true,true,true,true,true,true,false,5,5,4,1,2,5,6,true
GP,F,16,U,LE3,T,2,4,other,health,course,father,2,2,0,false,true,true,true,true,true,true,true,4,2,2,1,2,5,2,true
GP,M,16,U,GT3,T,4,4,health,other,course,mother,1,1,0,false,true,false,true,true,true,true,false,3,4,4,1,4,5,18,true
GP,F,16,U,GT3,T,2,2,other,other,home,mother,1,2,0,false,false,true,false,true,true,true,true,5,4,4,1,1,5,0,false
GP,M,15,U,GT3,T,3,4,services,services,home,father,1,1,0,true,false,false,false,true,true,true,false,5,5,5,3,2,5,0,true
GP,F,15,U,LE3,A,3,4,other,other,home,mother,1,2,0,true,false,false,true,true,true,true,true,5,3,2,1,1,1,0,true
GP,F,19,U,GT3,T,0,1,at_home,other,course,other,1,2,3,false,true,false,false,false,false,false,false,3,4,2,1,1,5,2,false
GP,M,18,R,GT3,T,2,2,services,other,reputation,mother,1,1,2,false,true,false,true,true,true,true,false,3,3,3,1,2,4,0,false
GP,M,16,R,GT3,T,4,4,teacher,teacher,course,mother,1,1,0,false,false,true,true,true,true,true,false,3,5,5,2,5,4,8,true
GP,F,15,R,GT3,T,3,4,services,teacher,course,father,2,3,2,false,true,false,false,true,true,true,true,4,2,2,2,2,5,0,false
GP,F,15,U,GT3,T,1,1,at_home,other,course,mother,3,1,0,false,true,false,true,false,true,true,true,4,3,3,1,2,4,0,false
GP,F,17,U,LE3,T,2,2,other,other,course,father,1,1,0,false,true,false,false,true,true,true,true,3,4,4,1,3,5,12,true
GP,F,16,U,GT3,A,3,4,services,other,course,father,1,1,0,false,false,false,false,true,true,true,false,3,2,1,1,4,5,16,true
GP,M,15,R,GT3,T,3,4,at_home,teacher,course,mother,4,2,0,false,true,false,false,true,true,false,true,5,3,3,1,1,5,0,false
GP,F,15,U,GT3,T,4,4,services,at_home,course,mother,1,3,0,false,true,false,true,true,true,true,true,4,3,3,1,1,5,0,false
GP,M,17,R,GT3,T,3,4,at_home,other,course,mother,3,2,0,false,false,false,false,true,true,false,false,5,4,5,2,4,5,0,false
GP,F,16,U,GT3,A,3,3,other,other,course,other,2,1,2,false,true,false,true,false,true,true,true,4,3,2,1,1,5,0,false
GP,M,16,U,LE3,T,1,1,services,other,course,mother,1,2,1,false,false,false,false,true,true,false,true,4,4,4,1,3,5,0,true
GP,F,15,U,GT3,T,4,4,teacher,teacher,course,mother,2,1,0,false,false,false,true,true,true,true,false,4,3,2,1,1,5,0,true
GP,M,15,U,GT3,T,4,3,teacher,services,course,father,2,4,0,true,true,false,false,true,true,true,false,2,2,2,1,1,3,0,false
GP,M,16,U,LE3,T,2,2,services,services,reputation,father,2,1,2,false,true,false,true,true,true,true,false,2,3,3,2,2,2,8,false
GP,F,15,U,GT3,T,4,4,teacher,services,course,mother,1,3,0,false,true,true,true,true,true,true,false,4,2,2,1,1,5,2,true
GP,F,16,U,LE3,T,1,1,at_home,at_home,course,mother,1,1,0,false,false,false,false,true,true,true,false,3,4,4,3,3,1,2,true
GP,M,17,U,GT3,T,2,1,other,other,home,mother,1,1,3,false,true,false,false,true,true,true,false,5,4,5,1,2,5,0,false
GP,F,15,U,GT3,T,1,1,other,services,course,father,1,2,0,false,true,true,false,true,true,true,false,4,4,2,1,2,5,0,true
GP,F,15,U,GT3,T,3,2,health,services,home,father,1,2,3,false,true,false,false,true,true,true,false,3,3,2,1,1,3,0,false
GP,F,15,U,GT3,T,1,2,at_home,other,course,mother,1,2,0,false,true,true,false,false,true,true,false,4,3,2,1,1,5,2,true
GP,M,16,U,GT3,T,4,4,teacher,teacher,course,mother,1,1,0,false,true,false,false,true,false,true,true,3,3,2,2,1,5,0,false
GP,M,15,U,LE3,A,2,1,services,other,course,mother,4,1,3,false,false,false,false,true,true,true,false,4,5,5,2,5,5,0,true
GP,M,18,U,LE3,T,1,1,other,other,course,mother,1,1,3,false,false,false,false,true,false,true,true,2,3,5,2,5,4,0,false
GP,M,16,U,LE3,T,2,1,at_home,other,course,mother,1,1,1,false,false,false,true,true,true,false,true,4,4,4,3,5,5,6,true
GP,F,15,R,GT3,T,3,3,services,services,reputation,other,2,3,2,false,true,true,true,true,true,true,true,4,2,1,2,3,3,8,true
GP,M,19,U,GT3,T,3,2,services,at_home,home,mother,1,1,3,false,true,false,false,true,false,true,true,4,5,4,1,1,4,0,false
GP,F,17,U,GT3,T,4,4,other,teacher,course,mother,1,1,0,true,true,false,false,true,true,false,true,4,2,1,1,1,4,0,true
GP,M,15,R,GT3,T,2,3,at_home,services,course,mother,1,2,0,true,false,true,true,true,true,false,false,4,4,4,1,1,1,2,false
GP,M,17,R,LE3,T,1,2,other,other,reputation,mother,1,1,0,false,false,false,false,true,true,false,false,2,2,2,3,3,5,8,true
GP,F,18,R,GT3,T,1,1,at_home,other,course,mother,3,1,3,false,true,false,true,false,true,false,false,5,2,5,1,5,4,6,true
GP,M,16,R,GT3,T,2,2,at_home,other,course,mother,3,1,0,false,false,false,false,false,true,false,false,4,2,2,1,2,3,2,true
GP,M,16,U,GT3,T,3,3,other,services,course,father,1,2,1,false,true,true,false,true,true,true,true,4,5,5,4,4,5,4,true
GP,M,17,R,LE3,T,2,1,at_home,other,course,mother,2,1,2,false,false,false,true,true,false,true,true,3,3,2,2,2,5,0,false
GP,M,15,R,GT3,T,3,2,other,other,course,mother,2,2,2,true,true,false,false,true,true,true,true,4,4,4,1,4,3,6,false
GP,M,16,U,LE3,T,1,2,other,other,course,mother,2,1,1,false,false,false,true,true,true,false,false,4,4,4,2,4,5,0,false
GP,M,17,U,GT3,T,1,3,at_home,services,course,father,1,1,0,false,false,false,false,true,false,true,false,5,3,3,1,4,2,2,true
GP,M,17,R,LE3,T,1,1,other,services,course,mother,4,2,3,false,false,false,true,true,false,false,true,5,3,5,1,5,5,0,false
GP,M,16,U,GT3,T,3,2,services,services,course,mother,2,1,1,false,true,false,true,false,false,false,false,4,5,2,1,1,2,16,true
GP,M,16,U,GT3,T,2,2,other,other,course,father,1,2,0,false,false,false,false,true,false,true,false,4,3,5,2,4,4,4,true
GP,F,16,U,GT3,T,4,2,health,services,home,father,1,2,0,false,false,true,false,true,true,true,true,4,2,3,1,1,3,0,true
GP,F,16,U,GT3,T,2,2,other,other,home,mother,1,2,0,false,true,true,false,false,true,true,false,5,1,5,1,1,4,0,false
GP,F,16,U,GT3,T,4,4,health,health,reputation,mother,1,2,0,false,true,true,false,true,true,true,true,4,4,2,1,1,3,0,true
GP,M,16,U,GT3,T,3,4,other,other,course,father,3,1,2,false,true,false,true,false,true,true,false,3,4,5,2,4,2,0,false
GP,M,16,U,GT3,T,1,0,other,other,reputation,mother,2,2,0,false,true,true,true,true,true,true,true,4,3,2,1,1,3,2,true
GP,M,17,U,LE3,T,4,4,teacher,other,reputation,mother,1,2,0,false,true,true,true,true,true,true,false,4,4,4,1,3,5,0,true
GP,F,16,U,GT3,T,1,3,at_home,services,home,mother,1,2,3,false,false,false,true,false,true,true,true,4,3,5,1,1,3,0,false
GP,F,16,U,LE3,T,3,3,other,other,reputation,mother,2,2,0,false,true,true,true,true,true,true,false,4,4,5,1,1,4,4,false
GP,M,17,U,LE3,T,4,3,teacher,other,course,mother,2,2,0,false,false,true,true,true,true,true,false,4,4,4,4,4,4,4,false
GP,F,16,U,GT3,T,2,2,services,other,reputation,mother,2,2,0,false,false,true,true,false,true,true,false,3,4,4,1,4,5,2,true
GP,M,17,U,GT3,T,3,3,other,other,reputation,father,1,2,0,false,false,false,true,false,true,true,false,4,3,4,1,4,4,4,false
GP,M,16,R,GT3,T,4,2,teacher,services,other,mother,1,1,0,false,true,false,true,true,true,true,true,4,3,3,3,4,3,10,false
GP,M,17,U,GT3,T,4,3,other,other,course,mother,1,2,0,false,true,false,true,true,true,true,true,5,2,3,1,1,2,4,true
GP,M,16,U,GT3,T,4,3,teacher,other,home,mother,1,2,0,false,true,true,true,true,true,true,false,3,4,3,2,3,3,10,false
GP,M,16,U,GT3,T,3,3,services,other,home,mother,1,2,0,false,false,true,true,true,true,true,true,4,2,3,1,2,3,2,true
GP,F,17,U,GT3,T,2,4,services,services,reputation,father,1,2,0,false,true,false,true,true,true,false,false,5,4,2,2,3,5,0,true
GP,F,17,U,LE3,T,3,3,other,other,reputation,mother,1,2,0,false,true,false,true,true,true,true,true,5,3,3,2,3,1,56,false
GP,F,16,U,GT3,T,3,2,other,other,reputation,mother,1,2,0,false,true,true,false,true,true,true,false,1,2,2,1,2,1,14,true
GP,M,17,U,GT3,T,3,3,services,services,other,mother,1,2,0,false,true,false,true,true,true,true,true,4,3,4,2,3,4,12,true
GP,M,16,U,GT3,T,1,2,services,services,other,mother,1,1,0,false,true,true,true,true,true,true,true,3,3,3,1,2,3,2,true
GP,M,16,U,LE3,T,2,1,other,other,course,mother,1,2,0,false,false,true,true,true,true,true,true,4,2,3,1,2,5,0,true
GP,F,17,U,GT3,A,3,3,health,other,reputation,mother,1,2,0,false,true,false,false,false,true,true,true,3,3,3,1,3,3,6,false
GP,M,17,R,GT3,T,1,2,at_home,other,home,mother,1,2,0,false,false,false,false,true,true,false,false,3,1,3,1,5,3,4,true
GP,F,16,U,GT3,T,2,3,services,services,course,mother,1,2,0,false,false,false,false,true,true,true,false,4,3,3,1,1,2,10,true
GP,F,17,U,GT3,T,1,1,at_home,services,course,mother,1,2,0,false,false,false,true,true,true,true,false,5,3,3,1,1,3,0,false
GP,M,17,U,GT3,T,1,2,at_home,services,other,other,2,2,0,false,false,true,true,false,true,true,false,4,4,4,4,5,5,12,false
GP,M,16,R,GT3,T,3,3,services,services,reputation,mother,1,1,0,false,true,false,true,true,true,true,false,4,3,2,3,4,5,8,true
GP,M,16,U,GT3,T,2,3,other,other,home,father,2,1,0,false,false,false,false,true,true,true,false,5,3,3,1,1,3,0,true
GP,F,17,U,LE3,T,2,4,services,services,course,father,1,2,0,false,false,false,true,true,true,true,true,4,3,2,1,1,5,0,true
GP,M,17,U,GT3,T,4,4,services,teacher,home,mother,1,1,0,false,false,false,false,true,true,true,false,5,2,3,1,2,5,4,true
GP,M,16,R,LE3,T,3,3,teacher,other,home,father,3,1,0,false,true,true,true,true,true,true,false,3,3,4,3,5,3,8,true
GP,F,17,U,GT3,T,4,4,services,teacher,home,mother,2,1,1,false,true,false,false,true,true,true,false,4,2,4,2,3,2,24,true
GP,F,16,U,LE3,T,4,4,teacher,teacher,reputation,mother,1,2,0,false,true,true,false,true,true,true,false,4,5,2,1,2,3,0,true
GP,F,16,U,GT3,T,4,3,health,other,home,mother,1,2,0,false,true,false,true,true,true,true,false,4,3,5,1,5,2,2,true
GP,F,16,U,GT3,T,2,3,other,other,reputation,mother,1,2,0,true,true,true,true,true,true,false,false,4,4,3,1,3,4,6,true
GP,F,17,U,GT3,T,1,1,other,other,course,mother,1,2,0,false,true,true,false,false,true,false,false,4,4,4,1,3,1,4,true
GP,F,17,R,GT3,T,2,2,other,other,reputation,mother,1,1,0,false,true,false,false,true,true,true,false,5,3,2,1,2,3,18,false
GP,F,16,R,GT3,T,2,2,services,services,reputation,mother,2,4,0,false,true,true,true,false,true,true,false,5,3,5,1,1,5,6,true
GP,F,17,U,GT3,T,3,4,at_home,services,home,mother,1,3,1,false,true,true,false,true,true,true,true,4,4,3,3,4,5,28,false
GP,F,16,U,GT3,A,3,1,services,other,course,mother,1,2,3,false,true,true,false,true,true,true,false,2,3,3,2,2,4,5,false
GP,F,16,U,GT3,T,4,3,teacher,other,other,mother,1,2,0,false,false,true,true,true,true,true,true,1,3,2,1,1,1,10,true
GP,F,16,U,GT3,T,1,1,at_home,other,home,mother,2,1,0,false,true,true,false,true,true,false,false,4,3,2,1,4,5,6,true
GP,F,17,R,GT3,T,4,3,teacher,other,reputation,mother,2,3,0,false,true,true,true,true,true,true,true,4,4,2,1,1,4,6,false
GP,F,19,U,GT3,T,3,3,other,other,reputation,other,1,4,0,false,true,true,true,true,true,true,false,4,3,3,1,2,3,10,false
GP,M,17,U,LE3,T,4,4,services,other,home,mother,1,2,0,false,true,true,false,true,true,true,true,5,3,5,4,5,3,13,true
GP,F,16,U,GT3,A,2,2,other,other,reputation,mother,1,2,0,true,true,true,false,true,true,true,false,3,3,4,1,1,4,0,true
GP,M,18,U,GT3,T,2,2,services,other,home,mother,1,2,1,false,true,true,true,true,true,true,false,4,4,4,2,4,5,15,false
GP,F,17,R,LE3,T,4,4,services,other,other,mother,1,1,0,false,true,true,false,true,true,false,false,5,2,1,1,2,3,12,true
GP,F,17,U,LE3,T,3,2,other,other,reputation,mother,2,2,0,false,false,true,false,true,true,true,false,4,4,4,1,3,1,2,true
GP,F,17,U,GT3,T,4,3,other,other,reputation,mother,1,2,2,false,false,true,false,true,true,true,true,3,4,5,2,4,1,22,false
GP,M,18,U,LE3,T,3,3,services,health,home,father,1,2,1,false,true,true,false,true,true,true,false,3,2,4,2,4,4,13,false
GP,F,17,U,GT3,T,2,3,at_home,other,home,father,2,1,0,false,true,true,false,true,true,false,false,3,3,3,1,4,3,3,false
GP,F,17,U,GT3,T,2,2,at_home,at_home,course,mother,1,3,0,false,true,true,true,true,true,true,false,4,3,3,1,1,4,4,true
GP,F,17,R,GT3,T,2,1,at_home,services,reputation,mother,2,2,0,false,true,false,true,true,true,true,false,4,2,5,1,2,5,2,false
GP,F,17,U,GT3,T,1,1,at_home,other,reputation,mother,1,3,1,false,true,false,true,true,true,false,true,4,3,4,1,1,5,0,false
GP,F,16,U,GT3,T,2,3,services,teacher,other,mother,1,2,0,true,false,false,false,true,true,true,false,2,3,1,1,1,3,2,true
GP,M,18,U,GT3,T,2,2,other,other,home,mother,2,2,0,false,true,true,false,true,true,true,false,3,3,3,5,5,4,0,true
GP,F,16,U,GT3,T,4,4,teacher,services,home,mother,1,3,0,false,true,false,true,false,true,true,false,5,3,2,1,1,5,0,true
GP,F,18,R,GT3,T,3,1,other,other,reputation,mother,1,2,1,false,false,false,true,true,true,true,true,5,3,3,1,1,4,16,false
GP,F,17,U,GT3,T,3,2,other,other,course,mother,1,2,0,false,false,false,true,false,true,true,false,5,3,4,1,3,3,10,true
GP,M,17,U,LE3,T,2,3,services,services,reputation,father,1,2,0,false,true,true,false,false,true,true,false,5,3,3,1,3,3,2,true
GP,M,18,U,LE3,T,2,1,at_home,other,course,mother,4,2,0,true,true,true,true,true,true,true,true,4,3,2,4,5,3,14,false
GP,F,17,U,GT3,A,2,1,other,other,course,mother,2,3,0,false,false,false,true,true,true,true,true,3,2,3,1,2,3,10,true
GP,F,17,U,LE3,T,4,3,health,other,reputation,father,1,2,0,false,false,false,true,true,true,true,true,3,2,3,1,2,3,14,true
GP,M,17,R,GT3,T,2,2,other,other,course,father,2,2,0,false,true,true,true,true,true,true,false,4,5,2,1,1,1,4,true
GP,M,17,U,GT3,T,4,4,teacher,teacher,reputation,mother,1,2,0,true,true,false,true,true,true,true,true,4,5,5,1,3,2,14,false
GP,M,16,U,GT3,T,4,4,health,other,reputation,father,1,2,0,false,true,true,true,true,true,true,false,4,2,4,2,4,1,2,true
GP,M,16,U,LE3,T,1,1,other,other,home,mother,2,2,0,false,true,true,false,true,true,true,false,3,4,2,1,1,5,18,false
GP,M,16,U,GT3,T,3,2,at_home,other,reputation,mother,2,3,0,false,false,false,true,true,true,true,true,5,3,3,1,3,2,10,true
GP,M,17,U,LE3,T,2,2,other,other,home,father,1,2,0,false,false,true,true,false,true,true,true,4,4,2,5,5,4,4,true
GP,F,16,U,GT3,T,2,1,other,other,home,mother,1,1,0,false,false,false,false,true,true,true,true,4,5,2,1,1,5,20,true
GP,F,17,R,GT3,T,2,1,at_home,services,course,mother,3,2,0,false,false,false,true,true,true,false,false,2,1,1,1,1,3,2,true
GP,M,18,U,GT3,T,2,2,other,services,reputation,father,1,2,1,false,false,false,false,true,false,true,false,5,5,4,3,5,2,0,false
GP,M,17,U,LE3,T,4,3,health,other,course,mother,2,2,0,false,false,false,true,true,true,true,true,2,5,5,1,4,5,14,true
GP,M,17,R,LE3,A,4,4,teacher,other,course,mother,2,2,0,false,true,true,false,true,true,true,false,3,3,3,2,3,4,2,true
GP,M,16,U,LE3,T,4,3,teacher,other,course,mother,1,1,0,false,false,false,true,false,true,true,false,5,4,5,1,1,3,0,false
GP,M,16,U,GT3,T,4,4,services,services,course,mother,1,1,0,false,false,false,true,true,true,true,false,5,3,2,1,2,5,0,true
GP,F,18,U,GT3,T,2,1,other,other,course,other,2,3,0,false,true,true,false,false,true,true,true,4,4,4,1,1,3,0,false
GP,M,16,U,GT3,T,2,1,other,other,course,mother,3,1,0,false,false,false,false,true,true,true,false,4,3,3,1,1,4,6,true
GP,M,17,U,GT3,T,2,3,other,other,course,father,2,1,0,false,false,false,false,true,true,true,false,5,2,2,1,1,2,4,true
GP,M,22,U,GT3,T,3,1,services,services,other,mother,1,1,3,false,false,false,false,false,false,true,true,5,4,5,5,5,1,16,false
GP,M,18,R,LE3,T,3,3,other,services,course,mother,1,2,1,false,true,false,false,true,true,true,true,4,3,3,1,3,5,8,false
GP,M,16,U,GT3,T,0,2,other,other,other,mother,1,1,0,false,false,true,false,false,true,true,false,4,3,2,2,4,5,0,true
GP,M,18,U,GT3,T,3,2,services,other,course,mother,2,1,1,false,false,false,false,true,false,true,false,4,4,5,2,4,5,0,false
GP,M,16,U,GT3,T,3,3,at_home,other,reputation,other,3,2,0,true,true,false,false,false,true,true,false,5,3,3,1,3,2,6,true
GP,M,18,U,GT3,T,2,1,services,services,other,mother,1,1,1,false,false,false,false,false,false,true,false,3,2,5,2,5,5,4,false
GP,M,16,R,GT3,T,2,1,other,other,course,mother,2,1,0,false,false,false,true,false,true,false,false,3,3,2,1,3,3,0,false
GP,M,17,R,GT3,T,2,1,other,other,course,mother,1,1,0,false,false,false,false,false,true,true,false,4,4,2,2,4,5,0,true
GP,M,17,U,LE3,T,1,1,health,other,course,mother,2,1,1,false,true,false,true,true,true,true,false,4,4,4,1,2,5,2,false
GP,F,17,U,LE3,T,4,2,teacher,services,reputation,mother,1,4,0,false,true,true,true,true,true,true,false,4,2,3,1,1,4,6,true
GP,M,19,U,LE3,A,4,3,services,at_home,reputation,mother,1,2,0,false,true,false,false,true,true,true,false,4,3,1,1,1,1,12,true
GP,M,18,U,GT3,T,2,1,other,other,home,mother,1,2,0,false,false,false,true,true,true,true,false,5,2,4,1,2,4,8,true
GP,F,17,U,LE3,T,2,2,services,services,course,father,1,4,0,false,false,true,true,true,true,true,true,3,4,1,1,1,2,0,false
GP,F,18,U,GT3,T,4,3,services,other,home,father,1,2,0,false,true,true,false,true,true,true,true,3,1,2,1,3,2,21,true
GP,M,18,U,GT3,T,4,3,teacher,other,course,mother,1,2,0,false,true,true,false,false,true,true,false,4,3,2,1,1,3,2,false
GP,M,18,R,GT3,T,3,2,other,other,course,mother,1,3,0,false,false,false,true,false,true,false,false,5,3,2,1,1,3,1,true
GP,F,17,U,GT3,T,3,3,other,other,home,mother,1,3,0,false,false,false,true,false,true,false,false,3,2,3,1,1,4,4,false
GP,F,18,U,GT3,T,2,2,at_home,services,home,mother,1,3,0,false,true,true,true,true,true,true,true,4,3,3,1,1,3,0,false
GP,M,18,R,LE3,A,3,4,other,other,reputation,mother,2,2,0,false,true,true,true,true,true,true,false,4,2,5,3,4,1,13,true
GP,M,17,U,GT3,T,3,1,services,other,other,mother,1,2,0,false,false,true,true,true,true,true,true,5,4,4,3,4,5,2,true
GP,F,18,R,GT3,T,4,4,teacher,other,reputation,mother,2,2,0,false,false,true,true,true,true,true,false,4,3,4,2,2,4,8,true
GP,M,18,U,GT3,T,4,2,health,other,reputation,father,1,2,0,false,true,true,true,true,true,true,true,5,4,5,1,3,5,10,true
GP,F,18,R,GT3,T,2,1,other,other,reputation,mother,2,2,0,false,true,false,false,true,false,true,true,4,3,5,1,2,3,0,false
GP,F,19,U,GT3,T,3,3,other,services,home,other,1,2,2,false,true,true,true,true,true,true,false,4,3,5,3,3,5,15,false
GP,F,18,U,GT3,T,2,3,other,services,reputation,father,1,4,0,false,true,true,true,true,true,true,true,4,5,5,1,3,2,4,true
GP,F,18,U,LE3,T,1,1,other,other,home,mother,2,2,0,false,true,true,false,false,true,false,false,4,4,3,1,1,3,2,true
GP,M,17,R,GT3,T,1,2,at_home,at_home,home,mother,1,2,0,false,true,true,true,false,true,false,true,3,5,2,2,2,1,2,true
GP,F,17,U,GT3,T,2,4,at_home,health,reputation,mother,2,2,0,false,true,true,false,true,true,true,true,4,3,3,1,1,1,2,true
GP,F,17,U,LE3,T,2,2,services,other,course,mother,2,2,0,true,true,true,false,true,true,true,true,4,4,4,2,3,5,6,true
GP,F,18,R,GT3,A,3,2,other,services,home,mother,2,2,0,false,false,false,false,false,false,true,true,4,1,1,1,1,5,75,false
GP,M,18,U,GT3,T,4,4,teacher,services,home,mother,2,1,0,false,false,true,true,true,true,true,false,3,2,4,1,4,3,22,false
GP,F,18,U,GT3,T,4,4,health,health,reputation,father,1,2,1,true,true,false,true,true,true,true,true,2,4,4,1,1,4,15,false
GP,M,18,U,LE3,T,4,3,teacher,services,course,mother,2,1,0,false,false,true,true,true,true,true,false,4,2,3,1,2,1,8,true
GP,M,17,U,LE3,A,4,1,services,other,home,mother,2,1,0,false,false,true,true,true,true,true,true,4,5,4,2,4,5,30,false
GP,M,17,U,LE3,A,3,2,teacher,services,home,mother,1,1,1,false,false,false,false,true,true,true,false,4,4,4,3,4,3,19,true
GP,F,18,R,LE3,T,1,1,at_home,other,reputation,mother,2,4,0,false,true,true,true,true,true,false,false,5,2,2,1,1,3,1,true
GP,F,18,U,GT3,T,1,1,other,other,home,mother,2,2,0,true,false,false,true,true,true,true,false,5,4,4,1,1,4,4,true
GP,F,17,U,GT3,T,2,2,other,other,course,mother,1,2,0,false,true,false,false,false,true,true,false,5,4,5,1,2,5,4,true
GP,M,17,U,GT3,T,1,1,other,other,reputation,father,1,2,0,false,false,true,false,false,true,true,false,4,3,3,1,2,4,2,true
GP,F,18,U,GT3,T,2,2,at_home,at_home,other,mother,1,3,0,false,true,true,false,true,true,true,false,4,3,3,1,2,2,5,true
GP,F,17,U,GT3,T,1,1,services,teacher,reputation,mother,1,3,0,false,true,true,false,true,true,true,false,4,3,3,1,1,3,6,true
GP,M,18,U,GT3,T,2,1,services,services,reputation,mother,1,3,0,false,false,true,true,true,true,true,false,4,2,4,1,3,2,6,true
GP,M,18,U,LE3,A,4,4,teacher,teacher,reputation,mother,1,2,0,false,true,true,true,true,true,true,false,5,4,3,1,1,2,9,true
GP,M,18,U,GT3,T,4,2,teacher,other,home,mother,1,2,0,false,true,true,true,true,true,true,true,4,3,2,1,4,5,11,true
GP,F,17,U,GT3,T,4,3,health,services,reputation,mother,1,3,0,false,true,true,false,true,true,true,false,4,2,2,1,2,3,0,true
GP,F,18,U,LE3,T,2,1,services,at_home,reputation,mother,1,2,1,false,false,false,false,true,true,true,true,5,4,3,1,1,5,12,true
GP,F,17,R,LE3,T,3,1,services,other,reputation,mother,2,4,0,false,true,true,false,true,true,false,false,3,1,2,1,1,3,6,true
GP,M,18,R,LE3,T,3,2,services,other,reputation,mother,2,3,0,false,true,true,true,true,true,true,false,5,4,2,1,1,4,8,true
GP,M,17,U,GT3,T,3,3,health,other,home,mother,1,1,0,false,true,true,false,true,true,true,false,4,4,3,1,3,5,4,true
GP,F,19,U,GT3,T,4,4,health,other,reputation,other,2,2,0,false,true,true,true,true,true,true,false,2,3,4,2,3,2,0,false
GP,F,18,U,LE3,T,4,3,other,other,home,other,2,2,0,false,true,true,false,true,true,true,true,4,4,5,1,2,2,10,false
GP,F,18,U,GT3,T,4,3,other,other,reputation,father,1,4,0,false,true,true,false,true,true,true,false,4,3,3,1,1,3,0,true
GP,M,18,U,LE3,T,4,4,teacher,teacher,home,mother,1,1,0,false,true,true,false,true,true,true,true,1,4,2,2,2,1,5,true
GP,F,18,U,LE3,A,4,4,health,other,home,mother,1,2,0,false,true,false,false,true,true,true,true,4,2,4,1,1,4,14,true
GP,M,17,U,LE3,T,4,4,other,teacher,home,father,2,1,0,false,false,true,false,true,true,true,false,4,1,1,2,2,5,0,true
GP,F,17,U,GT3,T,4,2,other,other,reputation,mother,2,3,0,false,true,true,false,true,true,true,false,4,3,3,1,1,3,0,true
GP,F,17,U,GT3,T,3,2,health,health,reputation,father,1,4,0,false,true,true,true,false,true,true,false,5,2,2,1,2,5,0,true
GP,M,19,U,GT3,T,3,3,other,other,home,other,1,2,1,false,true,false,true,true,true,true,true,4,4,4,1,1,3,20,true
GP,F,18,U,GT3,T,2,4,services,at_home,reputation,other,1,2,1,false,true,true,true,true,true,true,false,4,4,3,1,1,3,8,true
GP,M,20,U,GT3,A,3,2,services,other,course,other,1,1,0,false,false,false,true,true,true,false,false,5,5,3,1,1,5,0,true
GP,M,19,U,GT3,T,4,4,teacher,services,reputation,other,2,1,1,false,true,true,false,true,true,true,true,4,3,4,1,1,4,38,false
GP,M,19,R,GT3,T,3,3,other,services,reputation,father,1,2,1,false,false,false,true,true,true,false,true,4,5,3,1,2,5,0,true
GP,F,19,U,LE3,T,1,1,at_home,other,reputation,other,1,2,1,true,true,false,true,false,true,true,false,4,4,3,1,3,3,18,true
GP,F,19,U,LE3,T,1,2,services,services,home,other,1,2,1,false,false,false,true,false,true,false,true,4,2,4,2,2,3,0,false
GP,F,19,U,GT3,T,2,1,at_home,other,other,other,3,2,0,false,true,false,false,true,false,true,true,3,4,1,1,1,2,20,true
GP,M,19,U,GT3,T,1,2,other,services,course,other,1,2,1,false,false,false,false,false,true,true,false,4,5,2,2,2,4,3,true
GP,F,19,U,LE3,T,3,2,services,other,reputation,other,2,2,1,false,true,true,false,false,true,true,true,4,2,2,1,2,1,22,true
GP,F,19,U,GT3,T,1,1,at_home,health,home,other,1,3,2,false,false,false,false,false,true,true,true,4,1,2,1,1,3,14,true
GP,F,19,R,GT3,T,2,3,other,other,reputation,other,1,3,1,false,false,false,false,true,true,true,true,4,1,2,1,1,3,40,true
GP,F,18,U,GT3,T,2,1,services,other,course,mother,2,2,0,false,true,true,true,true,true,true,false,5,3,3,1,2,1,0,false
GP,F,18,U,GT3,T,4,3,other,other,course,mother,1,3,0,false,true,true,true,true,true,true,true,4,3,4,1,1,5,9,false
GP,F,17,R,GT3,T,3,4,at_home,services,course,father,1,3,0,false,true,true,true,false,true,true,false,4,3,4,2,5,5,0,true
GP,F,18,U,GT3,T,4,4,teacher,other,course,mother,1,2,0,false,true,true,false,true,true,true,false,4,4,4,3,3,5,2,true
GP,F,17,U,GT3,A,4,3,services,services,course,mother,1,2,0,false,true,true,false,true,true,true,true,5,2,2,1,2,5,23,true
GP,F,17,U,GT3,T,2,2,other,other,course,mother,1,2,0,false,true,false,false,true,true,false,true,4,2,2,1,1,3,12,false
GP,F,17,R,LE3,T,2,2,services,services,course,mother,1,3,0,false,true,true,true,true,true,true,false,3,3,2,2,2,3,3,true
GP,F,17,U,GT3,T,3,1,services,services,course,father,1,3,0,false,true,false,false,false,true,true,false,3,4,3,2,3,5,1,true
GP,F,17,U,LE3,T,0,2,at_home,at_home,home,father,2,3,0,false,false,false,false,true,true,true,false,3,3,3,2,3,2,0,true
GP,M,18,U,GT3,T,4,4,other,other,course,mother,1,3,0,false,false,false,true,true,true,true,false,4,3,3,2,2,3,3,true
GP,M,17,U,GT3,T,3,3,other,services,reputation,mother,1,1,0,false,false,false,true,false,true,true,false,4,3,5,3,5,5,3,true
GP,M,17,R,GT3,T,2,2,services,other,course,mother,4,1,0,false,true,false,false,true,true,true,false,4,4,5,5,5,4,8,true
GP,F,17,U,GT3,T,4,4,teacher,services,course,mother,1,3,0,false,true,true,true,true,true,true,false,5,4,4,1,3,4,7,false
GP,F,17,U,GT3,T,4,4,teacher,teacher,course,mother,2,3,0,false,true,true,false,false,true,true,true,4,3,3,1,2,4,4,true
GP,M,18,U,LE3,T,2,2,other,other,course,mother,1,4,0,false,true,false,true,true,true,true,false,4,5,5,2,4,5,2,false
GP,F,17,R,GT3,T,2,4,at_home,other,course,father,1,3,0,false,true,false,false,true,true,true,true,4,4,3,1,1,5,7,true
GP,F,18,U,GT3,T,3,3,services,services,home,mother,1,2,0,false,false,false,true,true,true,true,false,5,3,4,1,1,4,0,false
GP,F,18,U,LE3,T,2,2,other,other,home,other,1,2,0,false,false,false,true,false,true,true,true,4,3,3,1,1,2,0,false
GP,F,18,R,GT3,T,2,2,at_home,other,course,mother,2,4,0,false,false,false,true,true,true,false,false,4,4,4,1,1,4,0,false
GP,F,17,U,GT3,T,3,4,services,other,course,mother,1,3,0,false,false,false,false,true,true,true,false,4,4,5,1,3,5,16,true
GP,F,19,R,GT3,A,3,1,services,at_home,home,other,1,3,1,false,false,true,false,true,true,false,false,5,4,3,1,2,5,12,true
GP,F,17,U,GT3,T,3,2,other,other,home,mother,1,2,0,false,true,true,false,true,true,true,true,4,3,2,2,3,2,0,false
GP,F,18,U,LE3,T,3,3,services,services,home,mother,1,4,0,false,true,false,false,true,true,true,false,5,3,3,1,1,1,7,true
GP,F,17,R,GT3,A,3,2,other,other,home,mother,1,2,0,false,true,true,false,true,true,true,false,4,3,3,2,3,2,4,true
GP,F,19,U,GT3,T,2,1,services,services,home,other,1,3,1,false,false,true,true,true,true,true,true,4,3,4,1,3,3,4,true
GP,M,18,U,GT3,T,4,4,teacher,services,home,father,1,2,1,false,true,false,true,true,true,true,false,4,3,3,2,2,2,0,false
GP,M,18,U,LE3,T,3,4,services,other,home,mother,1,2,0,false,false,false,true,true,true,true,true,4,3,3,1,3,5,11,true
GP,F,17,U,GT3,A,2,2,at_home,at_home,home,father,1,2,1,false,true,false,false,true,true,true,true,3,3,1,1,2,4,0,false
GP,F,18,U,GT3,T,2,3,at_home,other,course,mother,1,3,0,false,true,false,false,true,true,true,false,4,3,3,1,2,3,4,true
GP,F,18,U,GT3,T,3,2,other,services,other,mother,1,3,0,false,false,false,false,true,true,true,true,5,4,3,2,3,1,7,true
GP,M,18,R,GT3,T,4,3,teacher,services,course,mother,1,3,0,false,false,false,false,true,true,true,true,5,3,2,1,2,4,9,true
GP,M,18,U,GT3,T,4,3,teacher,other,course,mother,1,3,0,false,true,true,false,true,true,true,true,5,4,5,2,3,5,0,false
GP,F,17,U,GT3,T,4,3,health,other,reputation,mother,1,3,0,false,true,true,true,true,true,true,true,4,4,3,1,3,4,0,true
MS,M,18,R,GT3,T,3,2,other,other,course,mother,2,1,1,false,true,false,false,false,true,true,false,2,5,5,5,5,5,10,true
MS,M,19,R,GT3,T,1,1,other,services,home,other,3,2,3,false,false,false,false,true,true,true,false,5,4,4,3,3,2,8,false
MS,M,17,U,GT3,T,3,3,health,other,course,mother,2,2,0,false,true,true,false,true,true,true,false,4,5,4,2,3,3,2,true
MS,M,18,U,LE3,T,1,3,at_home,services,course,mother,1,1,1,false,false,false,false,true,false,true,true,4,3,3,2,3,3,7,false
MS,M,19,R,GT3,T,1,1,other,other,home,other,3,1,1,false,true,false,false,true,true,true,false,4,4,4,3,3,5,4,false
MS,M,17,R,GT3,T,4,3,services,other,home,mother,2,2,0,false,true,true,true,false,true,true,true,4,5,5,1,3,2,4,true
MS,F,18,U,GT3,T,3,3,services,services,course,father,1,2,0,false,true,false,false,true,true,false,true,5,3,4,1,1,5,0,false
MS,F,17,R,GT3,T,4,4,teacher,services,other,father,2,2,0,false,true,true,true,true,true,true,false,4,3,3,1,2,5,4,true
MS,F,17,U,LE3,A,3,2,services,other,reputation,mother,2,2,0,false,false,false,false,true,true,false,true,1,2,3,1,2,5,2,true
MS,M,18,U,LE3,T,1,1,other,services,home,father,2,1,0,false,false,false,false,false,true,true,true,3,3,2,1,2,3,4,true
MS,F,18,U,LE3,T,1,1,at_home,services,course,father,2,3,0,false,false,false,false,true,true,true,false,5,3,2,1,1,4,0,true
MS,F,18,R,LE3,A,1,4,at_home,other,course,mother,3,2,0,false,false,false,false,true,true,false,true,4,3,4,1,4,5,0,true
MS,M,18,R,LE3,T,1,1,at_home,other,other,mother,2,2,1,false,false,false,true,false,false,false,false,4,4,3,2,3,5,2,true
MS,F,18,U,GT3,T,3,3,services,services,other,mother,2,2,0,false,true,false,false,true,true,true,true,4,3,2,1,3,3,0,true
MS,F,17,U,LE3,T,4,4,at_home,at_home,course,mother,1,2,0,false,true,true,true,true,true,true,true,2,3,4,1,1,1,0,true
MS,F,17,R,GT3,T,1,2,other,services,course,father,2,2,0,false,false,false,false,false,true,false,false,3,2,2,1,2,3,0,true
MS,M,18,R,GT3,T,1,3,at_home,other,course,mother,2,2,0,false,true,true,false,true,true,false,false,3,3,4,2,4,3,4,true
MS,M,18,U,LE3,T,4,4,teacher,services,other,mother,2,3,0,false,false,true,false,true,true,true,true,4,2,2,2,2,5,0,true
MS,F,17,R,GT3,T,1,1,other,services,reputation,mother,3,1,1,false,true,true,false,true,true,true,true,5,2,1,1,2,1,0,false
MS,F,18,U,GT3,T,2,3,at_home,services,course,father,2,1,0,false,true,true,false,true,true,true,true,5,2,3,1,2,4,0,true
MS,F,18,R,GT3,T,4,4,other,teacher,other,father,3,2,0,false,true,true,false,false,true,true,true,3,2,2,4,2,5,10,true
MS,F,19,U,LE3,T,3,2,services,services,home,other,2,2,2,false,false,false,true,true,true,false,true,3,2,2,1,1,3,4,false
MS,M,18,R,LE3,T,1,2,at_home,services,other,father,3,1,0,false,true,true,true,true,false,true,true,4,3,3,2,3,3,3,true
MS,F,17,U,GT3,T,2,2,other,at_home,home,mother,1,3,0,false,false,false,true,true,true,false,true,3,4,3,1,1,3,8,true
MS,F,17,R,GT3,T,1,2,other,other,course,mother,1,1,0,false,false,false,true,true,true,true,false,3,5,5,1,3,1,14,false
MS,F,18,R,LE3,T,4,4,other,other,reputation,mother,2,3,0,false,false,false,false,true,true,true,false,5,4,4,1,1,1,0,true
MS,F,18,R,GT3,T,1,1,other,other,home,mother,4,3,0,false,false,false,false,true,true,true,false,4,3,2,1,2,4,2,true
MS,F,20,U,GT3,T,4,2,health,other,course,other,2,3,2,false,true,true,false,false,true,true,true,5,4,3,1,1,3,4,true
MS,F,18,R,LE3,T,4,4,teacher,services,course,mother,1,2,0,false,false,true,true,true,true,true,false,5,4,3,3,4,2,4,true
MS,F,18,U,GT3,T,3,3,other,other,home,mother,1,2,0,false,false,true,false,true,true,true,true,4,1,3,1,2,1,0,true
MS,F,17,R,GT3,T,3,1,at_home,other,reputation,mother,1,2,0,false,true,true,true,false,true,true,false,4,5,4,2,3,1,17,true
MS,M,18,U,GT3,T,4,4,teacher,teacher,home,father,1,2,0,false,false,true,true,false,true,true,false,3,2,4,1,4,2,4,true
MS,M,18,R,GT3,T,2,1,other,other,other,mother,2,1,0,false,false,false,true,false,true,true,true,4,4,3,1,3,5,5,false
MS,M,17,U,GT3,T,2,3,other,services,home,father,2,2,0,false,false,false,true,true,true,true,false,4,4,3,1,1,3,2,true
MS,M,19,R,GT3,T,1,1,other,services,other,mother,2,1,1,false,false,false,false,true,true,false,false,4,3,2,1,3,5,0,false
MS,M,18,R,GT3,T,4,2,other,other,home,father,2,1,1,false,false,true,false,true,true,false,false,5,4,3,4,3,3,14,false
MS,F,18,R,GT3,T,2,2,at_home,other,other,mother,2,3,0,false,false,true,false,true,true,false,false,5,3,3,1,3,4,2,true
MS,F,18,R,GT3,T,4,4,teacher,at_home,reputation,mother,3,1,0,false,true,true,true,true,true,true,true,4,4,3,2,2,5,7,false
MS,F,19,R,GT3,T,2,3,services,other,course,mother,1,3,1,false,false,false,true,false,true,true,false,5,4,2,1,2,5,0,false
MS,F,18,U,LE3,T,3,1,teacher,services,course,mother,1,2,0,false,true,true,false,true,true,true,false,4,3,4,1,1,1,0,false
MS,F,18,U,GT3,T,1,1,other,other,course,mother,2,2,1,false,false,false,true,true,true,false,false,1,1,1,1,1,5,0,false
MS,M,20,U,LE3,A,2,2,services,services,course,other,1,2,2,false,true,true,false,true,true,false,false,5,5,4,4,5,4,11,false
MS,M,17,U,LE3,T,3,1,services,services,course,mother,2,1,0,false,false,false,false,false,true,true,false,2,4,5,3,4,2,3,true
MS,M,21,R,GT3,T,1,1,other,other,course,other,1,1,3,false,false,false,false,false,true,false,false,5,5,3,3,3,3,3,false
MS,M,18,R,LE3,T,3,2,services,other,course,mother,3,1,0,false,false,false,false,false,true,true,false,4,4,1,3,4,5,0,true
MS,M,19,U,LE3,T,1,1,other,at_home,course,father,1,1,0,false,false,false,false,true,true,true,false,3,2,3,3,3,5,5,false
MS,M,19,U,LE3,T,1,1,other,at_home,course,father,1,1,0,false,false,false,false,true,true,true,false,3,2,3,3,3,5,5,false
